mean_fit_time,std_fit_time,mean_score_time,std_score_time,param_classifier__n_estimators,param_classifier__min_samples_split,param_classifier__min_samples_leaf,param_classifier__max_features,param_classifier__max_depth,param_classifier__criterion,params,split0_test_score,split1_test_score,split2_test_score,split3_test_score,split4_test_score,mean_test_score,std_test_score,rank_test_score,split0_train_score,split1_train_score,split2_train_score,split3_train_score,split4_train_score,mean_train_score,std_train_score
14.988411808013916,7.639177691075599,0.1338348865509033,0.023156098692407766,200,80,50,sqrt,6,gini,"{'classifier__n_estimators': 200, 'classifier__min_samples_split': 80, 'classifier__min_samples_leaf': 50, 'classifier__max_features': 'sqrt', 'classifier__max_depth': 6, 'classifier__criterion': 'gini'}",0.45990637491039266,0.4307132075259868,0.4395029671988812,0.43754128836645984,0.45993258568439116,0.44551928473722235,0.01211442143103591,21,0.535168192670563,0.5156016720637917,0.5017047514393965,0.49335768784443607,0.48692311648782427,0.5065510841012023,0.017225921183076996
23.780289936065675,13.607777108426713,0.195025634765625,0.015544501432402108,400,20,100,sqrt,12,gini,"{'classifier__n_estimators': 400, 'classifier__min_samples_split': 20, 'classifier__min_samples_leaf': 100, 'classifier__max_features': 'sqrt', 'classifier__max_depth': 12, 'classifier__criterion': 'gini'}",0.4654402638588783,0.43486429965168455,0.44358519816137587,0.4328975805491362,0.4595214067581705,0.4472617497958491,0.01307134822824144,14,0.5006688415189449,0.5013031505809938,0.5015206649520098,0.5090599636066458,0.5085156773177267,0.5042136595952642,0.003749214240879336
73.40187559127807,40.6705067418776,0.2959777355194092,0.09277444457341122,400,80,10,0.5,10,gini,"{'classifier__n_estimators': 400, 'classifier__min_samples_split': 80, 'classifier__min_samples_leaf': 10, 'classifier__max_features': 0.5, 'classifier__max_depth': 10, 'classifier__criterion': 'gini'}",0.45684095689849924,0.43720600432674833,0.44908384072263674,0.4294300102460811,0.4529547428329364,0.44510311100538036,0.010230168512324608,22,0.6470078662491324,0.625147763175281,0.6161142827116762,0.6079811514615948,0.6005578009743425,0.6193617729144054,0.016071330112738345
18.423291730880738,9.064926907634101,0.2030017852783203,0.04962322976311711,400,20,100,log2,4,gini,"{'classifier__n_estimators': 400, 'classifier__min_samples_split': 20, 'classifier__min_samples_leaf': 100, 'classifier__max_features': 'log2', 'classifier__max_depth': 4, 'classifier__criterion': 'gini'}",0.46666774704773345,0.43675060794137943,0.437788246611776,0.4394677766911457,0.467278871807374,0.44959065001988174,0.01422066386718418,4,0.47673349618391564,0.4822233037844019,0.4671749015739229,0.46377102375285384,0.45983709704893383,0.4699479644688056,0.00830423398489435
23.95432620048523,12.902417834493063,0.2967320442199707,0.07771969809863571,300,80,20,log2,12,gini,"{'classifier__n_estimators': 300, 'classifier__min_samples_split': 80, 'classifier__min_samples_leaf': 20, 'classifier__max_features': 'log2', 'classifier__max_depth': 12, 'classifier__criterion': 'gini'}",0.4577212673426254,0.4352090733737788,0.4448450811827656,0.43716655697485257,0.45582548008845625,0.44615349179249575,0.009269498573704484,18,0.605947364724885,0.6081183228560851,0.6038350107634086,0.6107962422502992,0.6103743467388039,0.6078142574666963,0.0026403953842891446
29.9382164478302,17.38339651929343,0.16219115257263184,0.01877491515253147,300,20,100,0.3,6,entropy,"{'classifier__n_estimators': 300, 'classifier__min_samples_split': 20, 'classifier__min_samples_leaf': 100, 'classifier__max_features': 0.3, 'classifier__max_depth': 6, 'classifier__criterion': 'entropy'}",0.45892535393715533,0.4373783363385238,0.44665991449546466,0.4408722641360269,0.4632082397185054,0.44940882172513524,0.010061314102691886,5,0.49560625931210883,0.4987978614830217,0.48846292427257826,0.48882523709414344,0.47916271313459674,0.4901709990592898,0.006780497961617587
40.62804079055786,23.493875477519083,0.19216055870056153,0.04882407714980097,300,40,50,0.3,12,entropy,"{'classifier__n_estimators': 300, 'classifier__min_samples_split': 40, 'classifier__min_samples_leaf': 50, 'classifier__max_features': 0.3, 'classifier__max_depth': 12, 'classifier__criterion': 'entropy'}",0.4628056503695967,0.43756599719256134,0.44756202538963114,0.4285772000148027,0.45162512170046504,0.4456271989334114,0.011751623388382105,20,0.5606658343876821,0.5554286067757347,0.56506858744253,0.5752597563359453,0.5708563993803991,0.5654558368644582,0.007055810960995147
43.91040091514587,26.07786200002109,0.18104114532470703,0.058805325306062584,200,20,50,0.5,12,entropy,"{'classifier__n_estimators': 200, 'classifier__min_samples_split': 20, 'classifier__min_samples_leaf': 50, 'classifier__max_features': 0.5, 'classifier__max_depth': 12, 'classifier__criterion': 'entropy'}",0.45771425604071575,0.4398320802553745,0.4493486658720065,0.43568825435486125,0.4507885731112295,0.4466743659268375,0.007917945129402686,17,0.5647604611592585,0.5612389337497278,0.5732987061073662,0.581359000792573,0.576370738605218,0.5714055680828287,0.007413846670823833
35.59135031700134,19.38692284547167,0.29496374130249026,0.0744159768046516,400,20,20,log2,10,entropy,"{'classifier__n_estimators': 400, 'classifier__min_samples_split': 20, 'classifier__min_samples_leaf': 20, 'classifier__max_features': 'log2', 'classifier__max_depth': 10, 'classifier__criterion': 'entropy'}",0.4587870341038389,0.43385913516693053,0.4438041241855342,0.43956697974003295,0.46099017274567156,0.4474014891884016,0.010695783090025206,12,0.6668162798937818,0.6378237965688666,0.6182104743127627,0.6134471563489358,0.603905244258141,0.6280405902764976,0.02232209511555491
25.572028255462648,13.811427657901335,0.198317813873291,0.06344228286909712,300,20,100,0.3,6,gini,"{'classifier__n_estimators': 300, 'classifier__min_samples_split': 20, 'classifier__min_samples_leaf': 100, 'classifier__max_features': 0.3, 'classifier__max_depth': 6, 'classifier__criterion': 'gini'}",0.4611362117619831,0.4338388971163374,0.4389237082240192,0.4427083490279567,0.4575103422645476,0.4468235016789688,0.010648975586805512,15,0.49985492783545055,0.4975973448293258,0.489829758401885,0.4898407244862559,0.481880820650965,0.4918007152407764,0.006396902350334931
25.206614780426026,13.000977206227786,0.2600542068481445,0.07455774033911484,300,40,20,sqrt,12,gini,"{'classifier__n_estimators': 300, 'classifier__min_samples_split': 40, 'classifier__min_samples_leaf': 20, 'classifier__max_features': 'sqrt', 'classifier__max_depth': 12, 'classifier__criterion': 'gini'}",0.46118760588032215,0.4302737889990828,0.44362743418123385,0.43048845701997,0.44983957870186514,0.4430833729564948,0.011801888976433784,24,0.67620503278398,0.6667914629789548,0.6622078731411088,0.6662220000986913,0.6631764132797661,0.6669205564565002,0.004958510642230513
30.65315885543823,15.618442675559507,0.2132862091064453,0.05416718407419685,300,80,10,0.5,4,gini,"{'classifier__n_estimators': 300, 'classifier__min_samples_split': 80, 'classifier__min_samples_leaf': 10, 'classifier__max_features': 0.5, 'classifier__max_depth': 4, 'classifier__criterion': 'gini'}",0.4606234373624091,0.43777746221032493,0.43722724316890443,0.4411781887426312,0.4649320126493938,0.4483476688267327,0.011937583780404687,10,0.5256118406285073,0.48958336036291455,0.4733351881290106,0.4666186350430305,0.46102020609912103,0.48323384605251685,0.023253839346723253
26.778946208953858,14.856589356154501,0.19819984436035157,0.020170653635736266,400,80,100,log2,10,entropy,"{'classifier__n_estimators': 400, 'classifier__min_samples_split': 80, 'classifier__min_samples_leaf': 100, 'classifier__max_features': 'log2', 'classifier__max_depth': 10, 'classifier__criterion': 'entropy'}",0.46112723678357437,0.4379296575693008,0.44420392323145713,0.44262541916808695,0.4632012516922437,0.44981749768893253,0.010311101046537867,3,0.4947089021266242,0.5004754402827526,0.5000046914279431,0.5049955216137478,0.5044052591818752,0.5009179629265886,0.0036978384809930142
35.18361058235168,18.060610429277883,0.15913848876953124,0.011681519971827628,300,40,10,0.3,6,entropy,"{'classifier__n_estimators': 300, 'classifier__min_samples_split': 40, 'classifier__min_samples_leaf': 10, 'classifier__max_features': 0.3, 'classifier__max_depth': 6, 'classifier__criterion': 'entropy'}",0.45997697008211674,0.4335495824921458,0.4427676487771204,0.43724897797364526,0.45989759706921957,0.4466881552788496,0.011208679543901713,16,0.5983465037343083,0.5421195272980572,0.5161824522409503,0.5095429616147721,0.496885701608377,0.532615429299293,0.03602748108339502
22.44470634460449,11.122095403015141,0.12652225494384767,0.04426635610200677,200,80,100,0.5,4,gini,"{'classifier__n_estimators': 200, 'classifier__min_samples_split': 80, 'classifier__min_samples_leaf': 100, 'classifier__max_features': 0.5, 'classifier__max_depth': 4, 'classifier__criterion': 'gini'}",0.4606526875163497,0.43750062837336795,0.4373935227631753,0.4428863428518643,0.46415033703698366,0.4485167037083482,0.011562634886058975,8,0.49093789733972343,0.4832028929764071,0.470556265481967,0.46654194387306136,0.45942897289368423,0.4741335945129686,0.01141308991914972
22.55204839706421,12.420331048041298,0.19051179885864258,0.06755736077352491,200,20,20,sqrt,12,entropy,"{'classifier__n_estimators': 200, 'classifier__min_samples_split': 20, 'classifier__min_samples_leaf': 20, 'classifier__max_features': 'sqrt', 'classifier__max_depth': 12, 'classifier__criterion': 'entropy'}",0.45647184955254616,0.43046178969024657,0.447200393908968,0.4348352416536561,0.4502700713383208,0.4438478692287475,0.009718678532616687,23,0.6728450543664595,0.6621297276067047,0.6606438826286901,0.6563809119823978,0.6537556066897665,0.6611510366548037,0.006563711833773946
78.17073559761047,45.09566413149421,0.24998598098754882,0.01984103852087002,400,20,20,0.5,12,gini,"{'classifier__n_estimators': 400, 'classifier__min_samples_split': 20, 'classifier__min_samples_leaf': 20, 'classifier__max_features': 0.5, 'classifier__max_depth': 12, 'classifier__criterion': 'gini'}",0.45057528526097573,0.4390725258462565,0.44558693033983193,0.426687047402208,0.44494078854289465,0.4413725154784334,0.008199240963442508,25,0.7109811846177289,0.7000216291494542,0.7020236557325004,0.693488320502382,0.6908904811119149,0.6994810542227959,0.0070529546518621885
14.4242609500885,6.82799822565343,0.12434849739074708,0.04608825474517889,200,20,10,log2,4,entropy,"{'classifier__n_estimators': 200, 'classifier__min_samples_split': 20, 'classifier__min_samples_leaf': 10, 'classifier__max_features': 'log2', 'classifier__max_depth': 4, 'classifier__criterion': 'entropy'}",0.46602014448649015,0.43581904693605344,0.4392525784079113,0.444521227868484,0.4670257516823579,0.4505277498762593,0.013354790112966204,1,0.5158822635659733,0.49200784260965696,0.4704039627736458,0.4673908781771267,0.4607215219613698,0.4812812938175545,0.02022992907847843
16.307864809036253,8.008261596035995,0.17993488311767578,0.06395253765556737,200,20,50,sqrt,8,gini,"{'classifier__n_estimators': 200, 'classifier__min_samples_split': 20, 'classifier__min_samples_leaf': 50, 'classifier__max_features': 'sqrt', 'classifier__max_depth': 8, 'classifier__criterion': 'gini'}",0.46451665966418165,0.4389685971311894,0.4402209791857139,0.43913913054453574,0.4634788688668426,0.4492648470784927,0.012041516908712897,6,0.5445464673127972,0.5387485127767394,0.5255221875689444,0.522950943455537,0.5202734697567715,0.5304083161741578,0.00950418822944755
24.72996778488159,13.157059626487671,0.2198606014251709,0.024909962572417566,400,80,50,log2,8,gini,"{'classifier__n_estimators': 400, 'classifier__min_samples_split': 80, 'classifier__min_samples_leaf': 50, 'classifier__max_features': 'log2', 'classifier__max_depth': 8, 'classifier__criterion': 'gini'}",0.4652266845397632,0.4343520123809639,0.4419450080555983,0.4342419665226604,0.46078626200551726,0.4473103867009006,0.013191537457434644,13,0.5491694263001113,0.5388377102844079,0.5247436380043489,0.5246150773246167,0.5201518759266232,0.5315035455680215,0.010843256547594455
30.053187942504884,15.167915249780757,0.18467307090759277,0.005727965829132232,300,40,10,log2,10,entropy,"{'classifier__n_estimators': 300, 'classifier__min_samples_split': 40, 'classifier__min_samples_leaf': 10, 'classifier__max_features': 'log2', 'classifier__max_depth': 10, 'classifier__criterion': 'entropy'}",0.45706013390800493,0.44086275969905336,0.44156608540090886,0.4376182799622927,0.46475464201403377,0.4483723801968587,0.010604020817760892,9,0.7054557995666091,0.6506571020069782,0.6293145886689925,0.6203474998531132,0.6081783667974984,0.6427906713786383,0.03426984506350809
19.597815370559694,9.995821286497895,0.14546728134155273,0.031883675001441486,200,80,20,sqrt,8,entropy,"{'classifier__n_estimators': 200, 'classifier__min_samples_split': 80, 'classifier__min_samples_leaf': 20, 'classifier__max_features': 'sqrt', 'classifier__max_depth': 8, 'classifier__criterion': 'entropy'}",0.4599374609986979,0.43366283220058505,0.4409123954336547,0.4337233553102256,0.4622374984300263,0.4460947084746379,0.012543283144798068,19,0.5846006845527765,0.5602249133126632,0.5448597807791605,0.5400503288167703,0.5277559698157934,0.5514983354554328,0.019548636101865313
40.119446468353274,22.70902646437033,0.1722649097442627,0.05103495526732704,200,80,50,0.5,8,entropy,"{'classifier__n_estimators': 200, 'classifier__min_samples_split': 80, 'classifier__min_samples_leaf': 50, 'classifier__max_features': 0.5, 'classifier__max_depth': 8, 'classifier__criterion': 'entropy'}",0.4596416917152162,0.4418898879277641,0.4458486993187605,0.44070933400945567,0.4575073523656637,0.44911939306737203,0.007934341882509039,7,0.5582384747866652,0.5470093627255294,0.5371206144224158,0.5394710308974083,0.5279617698284889,0.5419602505321015,0.010159231003348826
30.80095100402832,15.830873872346594,0.24133644104003907,0.029558874766010705,400,80,10,log2,12,gini,"{'classifier__n_estimators': 400, 'classifier__min_samples_split': 80, 'classifier__min_samples_leaf': 10, 'classifier__max_features': 'log2', 'classifier__max_depth': 12, 'classifier__criterion': 'gini'}",0.4601633784816523,0.44405466427692214,0.4407259283453547,0.44004543012220676,0.45479879908604187,0.44795764006243555,0.008073604493956063,11,0.6352057776073146,0.6265211844949327,0.6221564268590339,0.6244767582215706,0.6251027573911259,0.6266925809147954,0.004483703766309395
18.431624841690063,9.066026736229754,0.15361990928649902,0.056336865137303314,200,20,100,0.3,4,entropy,"{'classifier__n_estimators': 200, 'classifier__min_samples_split': 20, 'classifier__min_samples_leaf': 100, 'classifier__max_features': 0.3, 'classifier__max_depth': 4, 'classifier__criterion': 'entropy'}",0.4637155897902356,0.4364586189278352,0.4408576950552325,0.44530742509367016,0.4656674033709634,0.45040134644758745,0.012014578953286337,2,0.47807655813582367,0.4832733600074079,0.4674923776528881,0.46471242066695906,0.4570346171019073,0.47011786671299716,0.009420098015737656
