mean_fit_time,std_fit_time,mean_score_time,std_score_time,param_classifier__min_samples_split,param_classifier__min_samples_leaf,param_classifier__max_features,param_classifier__max_depth,param_classifier__criterion,param_classifier__ccp_alpha,params,split0_test_score,split1_test_score,split2_test_score,split3_test_score,split4_test_score,mean_test_score,std_test_score,rank_test_score,split0_train_score,split1_train_score,split2_train_score,split3_train_score,split4_train_score,mean_train_score,std_train_score
2.318989944458008,1.1818831176158733,0.009414386749267579,0.0008192138205233944,80,100,0.5,3,gini,0.005,"{'classifier__min_samples_split': 80, 'classifier__min_samples_leaf': 100, 'classifier__max_features': 0.5, 'classifier__max_depth': 3, 'classifier__criterion': 'gini', 'classifier__ccp_alpha': 0.005}",0.4460573904431088,0.4242667040055417,0.3655185717041387,0.3599163064388681,0.37447474117876295,0.3940467427540841,0.03458369558985211,38,0.43906436215610706,0.4411831813310645,0.37404042145888067,0.37656492030919164,0.37179489846985914,0.4005295567450206,0.03237068764778555
3.161411094665527,1.9670957902402733,0.009906911849975586,0.0014504622530843738,20,20,0.5,5,entropy,0.0,"{'classifier__min_samples_split': 20, 'classifier__min_samples_leaf': 20, 'classifier__max_features': 0.5, 'classifier__max_depth': 5, 'classifier__criterion': 'entropy', 'classifier__ccp_alpha': 0.0}",0.42989049222308423,0.4288658379515466,0.42098509514474697,0.42237264647847556,0.4521934597643667,0.430861506312444,0.011221248036449354,13,0.45909378334561096,0.47399139867803114,0.46937347110038313,0.4526333350691723,0.4528102365339792,0.4615804449454354,0.008693835124209272
2.7077736854553223,0.9626569272606715,0.011339426040649414,0.004026217559796565,80,100,0.75,8,log_loss,0.0005,"{'classifier__min_samples_split': 80, 'classifier__min_samples_leaf': 100, 'classifier__max_features': 0.75, 'classifier__max_depth': 8, 'classifier__criterion': 'log_loss', 'classifier__ccp_alpha': 0.0005}",0.4531303069919506,0.4181469494668457,0.40772873183249253,0.41548810042384154,0.418344114000384,0.4225676405431028,0.015759253577085002,29,0.4754227746452135,0.488663152967749,0.4631541171281728,0.46978710047612604,0.46567716891512445,0.47254086282647717,0.009066842351402279
2.8397883415222167,1.9668802709728197,0.010207128524780274,0.0018093353793516593,120,100,0.75,6,log_loss,0.0005,"{'classifier__min_samples_split': 120, 'classifier__min_samples_leaf': 100, 'classifier__max_features': 0.75, 'classifier__max_depth': 6, 'classifier__criterion': 'log_loss', 'classifier__ccp_alpha': 0.0005}",0.45250278353008583,0.43191054631285225,0.4109018402828604,0.41960322474232914,0.4553453406079848,0.43405274709522246,0.01756770098562096,9,0.46521946230315697,0.4868124966215223,0.4467732868580741,0.4654608338739518,0.4604908659849576,0.4649513891283325,0.012873065577905336
2.78757905960083,0.9459519245371791,0.01239008903503418,0.003551946127366842,80,150,sqrt,6,gini,0.001,"{'classifier__min_samples_split': 80, 'classifier__min_samples_leaf': 150, 'classifier__max_features': 'sqrt', 'classifier__max_depth': 6, 'classifier__criterion': 'gini', 'classifier__ccp_alpha': 0.001}",0.4571884090993637,0.4196774409275545,0.42972665980345587,0.4007806351889133,0.43620117067330844,0.42871486313851914,0.018600040021143627,22,0.45050500391767107,0.4582543275529601,0.4384445052484985,0.43461192012274924,0.429934596065009,0.4423500705813776,0.01047592237556079
2.605270338058472,1.5914603966918297,0.014341211318969727,0.004716464295657843,40,50,0.5,5,entropy,0.001,"{'classifier__min_samples_split': 40, 'classifier__min_samples_leaf': 50, 'classifier__max_features': 0.5, 'classifier__max_depth': 5, 'classifier__criterion': 'entropy', 'classifier__ccp_alpha': 0.001}",0.44623997558929807,0.4245227341410048,0.40616728644598926,0.391457859774291,0.4517705926434396,0.42403168971880456,0.022991681638976847,27,0.4596482154423633,0.4727062526557286,0.446403365742118,0.42936729231746185,0.44256521753275946,0.45013806873808626,0.014849155199128883
3.110982656478882,1.5952702932857632,0.010980796813964844,0.0036438709613864314,80,50,0.5,7,gini,0.0,"{'classifier__min_samples_split': 80, 'classifier__min_samples_leaf': 50, 'classifier__max_features': 0.5, 'classifier__max_depth': 7, 'classifier__criterion': 'gini', 'classifier__ccp_alpha': 0.0}",0.41368001809849647,0.4235776100648212,0.42133485790592645,0.4189701730287479,0.44355697443087583,0.4242239267057736,0.010210848294722397,26,0.4926566950056411,0.4939169022216095,0.492169741630446,0.48413316069104667,0.47325294741767454,0.4872258893932836,0.007791188041503154
2.2833588123321533,1.1664757376184678,0.00922565460205078,0.00047171293679616375,80,50,sqrt,5,entropy,0.0005,"{'classifier__min_samples_split': 80, 'classifier__min_samples_leaf': 50, 'classifier__max_features': 'sqrt', 'classifier__max_depth': 5, 'classifier__criterion': 'entropy', 'classifier__ccp_alpha': 0.0005}",0.41871017768188984,0.4318354980058363,0.41780477320820486,0.4375104200554005,0.4440698306026805,0.42998613991080237,0.01033361775462562,16,0.46522597208020616,0.4736195887758676,0.45211273982671346,0.4548972745918792,0.4496947744522564,0.4591100699453846,0.008980962735898127
3.3628273010253906,2.1577725802890586,0.011222553253173829,0.004042726657978635,80,200,0.5,4,gini,0.001,"{'classifier__min_samples_split': 80, 'classifier__min_samples_leaf': 200, 'classifier__max_features': 0.5, 'classifier__max_depth': 4, 'classifier__criterion': 'gini', 'classifier__ccp_alpha': 0.001}",0.4530732552020942,0.43310682906702497,0.4045859805443481,0.4135419450438859,0.4607946886683352,0.4330205397051377,0.021732289340663253,11,0.44459282022627383,0.45325943628572557,0.433900047988951,0.43017859305805867,0.44964152196107854,0.4423144839040175,0.008907871396900373
2.3149805545806883,1.1398805895317323,0.008718919754028321,0.00014106688788151673,80,20,sqrt,8,entropy,0.005,"{'classifier__min_samples_split': 80, 'classifier__min_samples_leaf': 20, 'classifier__max_features': 'sqrt', 'classifier__max_depth': 8, 'classifier__criterion': 'entropy', 'classifier__ccp_alpha': 0.005}",0.41877652944894733,0.4213739719335788,0.4233223385043165,0.39152684880321614,0.43623651915802336,0.41824724156961646,0.014652008019846218,33,0.4352345579363041,0.45242670689013914,0.43517749579231646,0.4243977615180461,0.4249006784144394,0.43442744011024903,0.010164066788413315
3.314710330963135,2.48366423869187,0.011665868759155273,0.0035119838809480647,40,50,0.75,7,log_loss,0.0,"{'classifier__min_samples_split': 40, 'classifier__min_samples_leaf': 50, 'classifier__max_features': 0.75, 'classifier__max_depth': 7, 'classifier__criterion': 'log_loss', 'classifier__ccp_alpha': 0.0}",0.44569375558080915,0.40482722598788295,0.40301500831499754,0.42034565559041015,0.43354849784421273,0.42148602866366247,0.01644087561709792,31,0.4973978289426051,0.4880529675840344,0.4677523282521994,0.47830446238952956,0.47558108960138207,0.48141773535395005,0.010294580625725962
2.985190439224243,0.9302425233975854,0.011625957489013673,0.005477782512643387,40,100,0.5,4,entropy,0.0,"{'classifier__min_samples_split': 40, 'classifier__min_samples_leaf': 100, 'classifier__max_features': 0.5, 'classifier__max_depth': 4, 'classifier__criterion': 'entropy', 'classifier__ccp_alpha': 0.0}",0.4439400583532755,0.4265708960369024,0.44363223234021126,0.42692674692609306,0.46355112283903144,0.4409242112991027,0.013640766145189907,1,0.42933944507678096,0.4535061428678735,0.458799809445594,0.44120808589541066,0.45172224565564784,0.44691514578826136,0.01048113037803198
2.995712661743164,2.090927080812726,0.012236547470092774,0.006350334652934295,40,100,log2,6,log_loss,0.001,"{'classifier__min_samples_split': 40, 'classifier__min_samples_leaf': 100, 'classifier__max_features': 'log2', 'classifier__max_depth': 6, 'classifier__criterion': 'log_loss', 'classifier__ccp_alpha': 0.001}",0.42988076225936095,0.43696091830956485,0.42262991126880634,0.4216943697483397,0.4433248246172434,0.43089815724066305,0.008310088111081717,12,0.46370012846384023,0.47106261452891357,0.4396077998743791,0.45284908122806894,0.44668586461420573,0.4547810977418815,0.01135016610700185
2.5358068466186525,0.9292332065953163,0.013975858688354492,0.005711392727802304,40,150,sqrt,3,entropy,0.0001,"{'classifier__min_samples_split': 40, 'classifier__min_samples_leaf': 150, 'classifier__max_features': 'sqrt', 'classifier__max_depth': 3, 'classifier__criterion': 'entropy', 'classifier__ccp_alpha': 0.0001}",0.42462760320897397,0.4268381378667532,0.41597343143702886,0.43397104916033097,0.4362806202083645,0.42753816837629033,0.007218268379599268,23,0.41589333275655704,0.4609759959703263,0.43176698864860286,0.4486261410113785,0.43798474756762334,0.43904944119089767,0.015250311664435186
2.8668571949005126,1.8988393697341692,0.009754514694213868,0.0012871227316283657,120,100,,8,log_loss,0.0005,"{'classifier__min_samples_split': 120, 'classifier__min_samples_leaf': 100, 'classifier__max_features': None, 'classifier__max_depth': 8, 'classifier__criterion': 'log_loss', 'classifier__ccp_alpha': 0.0005}",0.4451096344215411,0.42264996189598897,0.43121647166297206,0.41812861077912994,0.43270955451041465,0.4299628466540094,0.009295897822292959,17,0.49109066054600287,0.49166267666843105,0.47013434004325494,0.47882221623161597,0.46842312049836626,0.4800266027975343,0.009917255667344537
2.9123764514923094,1.1997814275626904,0.013846445083618163,0.005528969506283828,120,100,log2,5,log_loss,0.0005,"{'classifier__min_samples_split': 120, 'classifier__min_samples_leaf': 100, 'classifier__max_features': 'log2', 'classifier__max_depth': 5, 'classifier__criterion': 'log_loss', 'classifier__ccp_alpha': 0.0005}",0.40213355816585367,0.4381477699434837,0.44044582914329083,0.41954423419504155,0.4515732856669878,0.4303689354229315,0.017470484872176572,15,0.44710360060766813,0.4716593638071383,0.45577784587945464,0.45281196825870557,0.4497647370547102,0.4554235031215354,0.008623123060370627
2.41635422706604,1.3537959881725719,0.011224126815795899,0.004527072441367494,20,20,sqrt,7,entropy,0.001,"{'classifier__min_samples_split': 20, 'classifier__min_samples_leaf': 20, 'classifier__max_features': 'sqrt', 'classifier__max_depth': 7, 'classifier__criterion': 'entropy', 'classifier__ccp_alpha': 0.001}",0.43177892438884075,0.4315501050486123,0.4179043998594745,0.40984199235910856,0.44151870054412123,0.42651882444003153,0.011227677928059674,25,0.48853837804157,0.5044470639196398,0.4593000701526418,0.4437923454407023,0.444617103963584,0.4681389923036276,0.02432519678152469
3.2637205123901367,1.817589528519013,0.010312366485595702,0.0020225578796022802,20,50,0.75,8,entropy,0.0,"{'classifier__min_samples_split': 20, 'classifier__min_samples_leaf': 50, 'classifier__max_features': 0.75, 'classifier__max_depth': 8, 'classifier__criterion': 'entropy', 'classifier__ccp_alpha': 0.0}",0.43389129907782253,0.4219371220560523,0.4191256818246633,0.4107015350920045,0.43252671231321105,0.4236364700727508,0.008657314390437707,28,0.5019945326845519,0.5037638281262243,0.4810473358118495,0.48351945758312737,0.4834080474074167,0.4907466403226339,0.009961183516205847
2.2981547355651855,1.1616757019662076,0.00912628173828125,0.0005188190451006687,120,150,log2,6,entropy,0.0005,"{'classifier__min_samples_split': 120, 'classifier__min_samples_leaf': 150, 'classifier__max_features': 'log2', 'classifier__max_depth': 6, 'classifier__criterion': 'entropy', 'classifier__ccp_alpha': 0.0005}",0.44920240718445353,0.4351414851537361,0.43968319497952435,0.4283869977478017,0.43879621753276526,0.4382420605196562,0.006771247852147707,4,0.4515803578042921,0.4768770279587277,0.4543957991972025,0.45937123572794575,0.44863033178128414,0.4581709504938905,0.010000691011085073
3.3411322593688966,1.964085782517547,0.014755964279174805,0.0054181405146766235,40,50,0.75,6,log_loss,0.0001,"{'classifier__min_samples_split': 40, 'classifier__min_samples_leaf': 50, 'classifier__max_features': 0.75, 'classifier__max_depth': 6, 'classifier__criterion': 'log_loss', 'classifier__ccp_alpha': 0.0001}",0.42855535470083295,0.4282294268506486,0.4108678305505464,0.42394035081275216,0.4423321131393627,0.4267850152108286,0.010083467299909821,24,0.4811068254321334,0.4917879111569407,0.4557477252903627,0.47575337580869387,0.4672518896348066,0.47432954546458744,0.012232175622409042
2.4717267513275147,1.1579069513786666,0.011046552658081054,0.0033928969900959673,20,200,0.75,6,entropy,0.001,"{'classifier__min_samples_split': 20, 'classifier__min_samples_leaf': 200, 'classifier__max_features': 0.75, 'classifier__max_depth': 6, 'classifier__criterion': 'entropy', 'classifier__ccp_alpha': 0.001}",0.44411580112861165,0.4200919884096089,0.4360272203112104,0.4253135927604941,0.45070462233271663,0.4352506449885283,0.01137144981640283,8,0.4576074646941957,0.46908290132465863,0.4498672451871997,0.4528999344779437,0.4528454214101014,0.45646059341881984,0.006780235574688437
3.052076482772827,2.0556769759182445,0.010042953491210937,0.0011627735591833003,80,50,0.5,5,log_loss,0.005,"{'classifier__min_samples_split': 80, 'classifier__min_samples_leaf': 50, 'classifier__max_features': 0.5, 'classifier__max_depth': 5, 'classifier__criterion': 'log_loss', 'classifier__ccp_alpha': 0.005}",0.41400119750344183,0.42695862062179485,0.3876797150844646,0.3599163064388681,0.40737728866972533,0.399186625663659,0.02337695089751574,35,0.4235238098606768,0.443827793490442,0.41083280331225064,0.37656492030919164,0.4178416255205412,0.41451819049862043,0.021932770115799836
2.500210094451904,0.928905919076242,0.00904707908630371,0.00027647104786227776,80,200,log2,4,entropy,0.0001,"{'classifier__min_samples_split': 80, 'classifier__min_samples_leaf': 200, 'classifier__max_features': 'log2', 'classifier__max_depth': 4, 'classifier__criterion': 'entropy', 'classifier__ccp_alpha': 0.0001}",0.3828474379686011,0.4201914486826516,0.43846537713974215,0.40775441550396535,0.4615677430422433,0.4221652844674407,0.026742135248176178,30,0.38203588472040545,0.4579677408429172,0.4537091546977166,0.44137700803952457,0.44702329421184955,0.4364226165024827,0.02777716235671259
2.5859881401062013,1.7156442264499403,0.014005517959594727,0.006640264222541327,40,100,log2,3,entropy,0.005,"{'classifier__min_samples_split': 40, 'classifier__min_samples_leaf': 100, 'classifier__max_features': 'log2', 'classifier__max_depth': 3, 'classifier__criterion': 'entropy', 'classifier__ccp_alpha': 0.005}",0.3753569839407791,0.38021031283985113,0.41183473804243964,0.37629896190276096,0.43875142294949043,0.39649048393506425,0.02506311814348569,37,0.3767484507530583,0.4144424811005758,0.4257001366180789,0.41310072118936664,0.4279905996517111,0.41159647786255815,0.01839797758108889
2.8373289108276367,1.1442542960731936,0.012875175476074219,0.005490160391576024,120,50,log2,5,gini,0.0001,"{'classifier__min_samples_split': 120, 'classifier__min_samples_leaf': 50, 'classifier__max_features': 'log2', 'classifier__max_depth': 5, 'classifier__criterion': 'gini', 'classifier__ccp_alpha': 0.0001}",0.43505795265867264,0.42126564745647954,0.4292119493120093,0.41479384247651474,0.44511263902720155,0.4290884061861755,0.010563682046779392,20,0.45119801155862854,0.4621407703831309,0.45353982601556736,0.4518326078134576,0.4490144068195419,0.4535451245180653,0.004535509044933711
2.273727226257324,1.1603937039903134,0.008843803405761718,0.00011402996106283926,120,50,log2,6,entropy,0.0001,"{'classifier__min_samples_split': 120, 'classifier__min_samples_leaf': 50, 'classifier__max_features': 'log2', 'classifier__max_depth': 6, 'classifier__criterion': 'entropy', 'classifier__ccp_alpha': 0.0001}",0.43800599248822136,0.42163840831358135,0.4173363371901959,0.41936908635793596,0.45238095735407563,0.4297461563408021,0.013475769966466909,19,0.46860046306124215,0.48456329446639756,0.45142137271424393,0.4627930891719618,0.4537220384002965,0.4642200515628284,0.011908704539318258
3.2119790077209474,1.866050416083894,0.01166234016418457,0.003945724553958293,40,100,0.75,4,gini,0.0,"{'classifier__min_samples_split': 40, 'classifier__min_samples_leaf': 100, 'classifier__max_features': 0.75, 'classifier__max_depth': 4, 'classifier__criterion': 'gini', 'classifier__ccp_alpha': 0.0}",0.4223392580793046,0.4288122703505877,0.430090902765449,0.4128811049506518,0.450821121167009,0.4289889314626004,0.01250256204330642,21,0.4404961264143683,0.45336747232583896,0.44279204495470514,0.44619940109673834,0.4414720219018136,0.44486541333869284,0.004668386455429878
2.285703754425049,1.1302627624563317,0.008973979949951172,0.00015348191909419126,80,150,sqrt,6,entropy,0.0001,"{'classifier__min_samples_split': 80, 'classifier__min_samples_leaf': 150, 'classifier__max_features': 'sqrt', 'classifier__max_depth': 6, 'classifier__criterion': 'entropy', 'classifier__ccp_alpha': 0.0001}",0.4523309764393857,0.4394907183366823,0.43968319497952435,0.42738005009371954,0.4366455534707523,0.43910609866401284,0.007986649639798745,3,0.4590672245557934,0.4797708484518033,0.4543957991972025,0.4587631670323069,0.45193169479690765,0.4607857468068028,0.009866143112582335
3.0694809913635255,2.139118963060407,0.011481332778930663,0.003955037281120193,40,50,,3,log_loss,0.0001,"{'classifier__min_samples_split': 40, 'classifier__min_samples_leaf': 50, 'classifier__max_features': None, 'classifier__max_depth': 3, 'classifier__criterion': 'log_loss', 'classifier__ccp_alpha': 0.0001}",0.44396381339932356,0.4325450645196259,0.4250420633165973,0.41224440678783075,0.4633289182401161,0.4354248532526987,0.017349232210807565,7,0.45721435304137487,0.448967715400628,0.43294893896598435,0.43113205019879947,0.4434821356775407,0.4427490386568655,0.009792354841547333
2.540458106994629,0.979476503978197,0.011099576950073242,0.00379906039314912,80,200,log2,7,entropy,0.0005,"{'classifier__min_samples_split': 80, 'classifier__min_samples_leaf': 200, 'classifier__max_features': 'log2', 'classifier__max_depth': 7, 'classifier__criterion': 'entropy', 'classifier__ccp_alpha': 0.0005}",0.4414482909264199,0.4307783034590233,0.41694933285864016,0.42024519287457607,0.4401181801252327,0.42990786004877846,0.009994802814389735,18,0.4336749156345224,0.4678042688300044,0.4467655334786622,0.45142361746197635,0.44157454062950147,0.44824857520693334,0.011416126751589673
2.6474228382110594,1.748683229972196,0.009895706176757812,0.002054212565983456,120,200,0.75,3,gini,0.0001,"{'classifier__min_samples_split': 120, 'classifier__min_samples_leaf': 200, 'classifier__max_features': 0.75, 'classifier__max_depth': 3, 'classifier__criterion': 'gini', 'classifier__ccp_alpha': 0.0001}",0.3785247979934357,0.4345835913271257,0.4243708599928626,0.41309280002188986,0.4487642598421923,0.41986726183550127,0.023778065073778942,32,0.3761602328666281,0.46178705092766686,0.4359201776350427,0.4295180767547769,0.43732431822081147,0.4281419712809852,0.028216315027639025
2.8794822692871094,1.2237911796987162,0.013572072982788086,0.006123141204817712,80,150,sqrt,8,gini,0.005,"{'classifier__min_samples_split': 80, 'classifier__min_samples_leaf': 150, 'classifier__max_features': 'sqrt', 'classifier__max_depth': 8, 'classifier__criterion': 'gini', 'classifier__ccp_alpha': 0.005}",0.3828474379686011,0.3993064899105496,0.42636358486517506,0.38535631526331465,0.36814603050596184,0.39240397170272046,0.019648636559098095,39,0.38203588472040545,0.4382436869777216,0.4212257053852339,0.4091519059331712,0.3555046285460765,0.40123236231252174,0.02929785479933603
2.271225357055664,1.1600043211314528,0.009081745147705078,0.0003362055212088422,120,50,0.5,3,log_loss,0.0,"{'classifier__min_samples_split': 120, 'classifier__min_samples_leaf': 50, 'classifier__max_features': 0.5, 'classifier__max_depth': 3, 'classifier__criterion': 'log_loss', 'classifier__ccp_alpha': 0.0}",0.45103377706084574,0.4235637066844833,0.43478695966350633,0.4305108463127516,0.45782466848910036,0.4395439916421375,0.012851419299566876,2,0.4521894967766138,0.4504294133151892,0.45273341915143167,0.4445581351111034,0.4307753387935431,0.4461371606295762,0.00821028287150999
3.283492612838745,1.9786779003343329,0.011106491088867188,0.003316055762397001,20,100,sqrt,6,log_loss,0.0,"{'classifier__min_samples_split': 20, 'classifier__min_samples_leaf': 100, 'classifier__max_features': 'sqrt', 'classifier__max_depth': 6, 'classifier__criterion': 'log_loss', 'classifier__ccp_alpha': 0.0}",0.43116900145973663,0.4292115973056954,0.42645210422553914,0.4288821049370408,0.4383488822260415,0.43081273803081077,0.004055280900508876,14,0.46571891427613776,0.4725416681572068,0.45559960356788826,0.4620428553908533,0.44534893606545284,0.4602503954915078,0.0092506902712645
2.2815951347351073,1.1375569737701896,0.009118795394897461,0.0002540542108813211,20,200,log2,8,log_loss,0.0001,"{'classifier__min_samples_split': 20, 'classifier__min_samples_leaf': 200, 'classifier__max_features': 'log2', 'classifier__max_depth': 8, 'classifier__criterion': 'log_loss', 'classifier__ccp_alpha': 0.0001}",0.4414482909264199,0.42562027766682714,0.42283352528274804,0.4323618399660951,0.45637895580203997,0.4357285779288261,0.012156876774261648,6,0.4336749156345224,0.4644064403020807,0.445686835314637,0.4581079123599367,0.46355291181777253,0.4530858030857899,0.011785296343120285
3.074366044998169,2.154789015176807,0.009173202514648437,0.0003217598566491089,80,100,0.75,5,gini,0.0005,"{'classifier__min_samples_split': 80, 'classifier__min_samples_leaf': 100, 'classifier__max_features': 0.75, 'classifier__max_depth': 5, 'classifier__criterion': 'gini', 'classifier__ccp_alpha': 0.0005}",0.44652496101124806,0.42922439964231557,0.4231119643098547,0.43408305450427687,0.45119679933878604,0.4368282357612962,0.010525897075701007,5,0.4658141668887359,0.4695987128334524,0.4403245809598452,0.4474675991143952,0.4410853199778435,0.4528580759548545,0.012432640395666354
2.529313802719116,0.9631981517047609,0.009400129318237305,0.0007628710686315304,80,200,sqrt,7,log_loss,0.005,"{'classifier__min_samples_split': 80, 'classifier__min_samples_leaf': 200, 'classifier__max_features': 'sqrt', 'classifier__max_depth': 7, 'classifier__criterion': 'log_loss', 'classifier__ccp_alpha': 0.005}",0.3828474379686011,0.3993064899105496,0.4233223385043165,0.4014015882278797,0.44703806176584404,0.41078318327543817,0.022234123820310623,34,0.38203588472040545,0.4382436869777216,0.43517749579231646,0.43719556421133515,0.4293992903466742,0.4244103844096906,0.0214067240669386
2.787805604934692,1.8667672670405882,0.010602283477783202,0.0017608179848378354,40,150,0.75,8,log_loss,0.0005,"{'classifier__min_samples_split': 40, 'classifier__min_samples_leaf': 150, 'classifier__max_features': 0.75, 'classifier__max_depth': 8, 'classifier__criterion': 'log_loss', 'classifier__ccp_alpha': 0.0005}",0.43420417982098813,0.4271172160551752,0.4346447358762345,0.43031573748018975,0.44302564927391347,0.4338615037013002,0.005343600239302074,10,0.4581687909713317,0.4845951676218044,0.4614002534501818,0.4708965407663875,0.4682985736339484,0.46867186528873067,0.009185107442792583
3.0322641372680663,1.3003618010673088,0.012678289413452148,0.00468410390495409,20,150,0.75,6,log_loss,0.005,"{'classifier__min_samples_split': 20, 'classifier__min_samples_leaf': 150, 'classifier__max_features': 0.75, 'classifier__max_depth': 6, 'classifier__criterion': 'log_loss', 'classifier__ccp_alpha': 0.005}",0.3785247979934357,0.42142876481989155,0.3699894301999565,0.41238978911350815,0.37447474117876295,0.39136150466111097,0.021227050036312423,40,0.3761602328666281,0.414960099709806,0.4034947613045583,0.419310988259011,0.37179489846985914,0.3971441961219725,0.01965714311792538
2.105426025390625,0.9629419064494037,0.008671855926513672,0.000439050324474511,40,150,sqrt,3,log_loss,0.005,"{'classifier__min_samples_split': 40, 'classifier__min_samples_leaf': 150, 'classifier__max_features': 'sqrt', 'classifier__max_depth': 3, 'classifier__criterion': 'log_loss', 'classifier__ccp_alpha': 0.005}",0.3828474379686011,0.38021031283985113,0.41183473804243964,0.37629896190276096,0.43875142294949043,0.39798857474062865,0.023954481652908293,36,0.38203588472040545,0.4144424811005758,0.4257001366180789,0.41310072118936664,0.4279905996517111,0.41265396465602755,0.0164090229890197
