Feature,Importance
elo_difference,0.2740537471563626
goals_for_difference,0.23224284167079753
win_rate_difference,0.12763865112060338
venue_goals_for_difference,0.08861776548577008
venue_win_rate_difference,0.04200345051638836
home_elo_before,0.0343332336747033
goals_against_difference,0.028669845582811913
away_elo_before,0.019745703508360073
points_last10_difference,0.019390571836720827
goals_for_last10_difference,0.01688317676821189
away_loss_rate,0.016218395121446082
home_win_rate,0.013221343217959128
away_goals_for_per_match,0.010835034819126848
home_loss_rate,0.0102903528831624
home_goals_for_per_match,0.009473194601064204
away_win_rate,0.008192938678421155
away_goals_against_per_match,0.0052394320166780604
goals_against_last10_difference,0.004718261017762321
venue_goals_against_difference,0.004528023152682709
home_goals_against_per_match,0.004208485411989321
home_points_last10,0.004101245357770402
away_away_goals_for_per_match,0.003303562771590012
away_away_win_rate,0.0030377564592511627
home_home_win_rate,0.002889321092211966
home_goals_for_last10,0.0026992585533552158
home_home_goals_against_per_match,0.002447488852114533
away_points_last10,0.0020455704821399265
home_home_draw_rate,0.0019523970588939867
away_away_goals_against_per_match,0.0019240171509495405
home_draw_rate,0.0013344227838476969
away_goals_for_last10,0.0011049740123368398
away_away_draw_rate,0.0010563278121726294
away_draw_rate,0.0009519070706247635
draw_rate_difference,0.0006473023017191424
